"","DATE","SEASONS","HOLIDAY","SUM_RBC","SUM_RAIN_FALL(mm)","SUM_SNOW_FALL(cm)","TEMP(deg C)_MEAN","RH(%)_MEAN","WD_SPD(m/s)_MEAN","VIS(10m)_MEAN","DP_TEMP(deg C)_MEAN","SOL_RAD(MJ/m2)_MEAN"
"1",2017-12-01,"Winter","No Holiday",9539,0,0,-2.45416666666667,45.875,1.5375,1870.75,-13.5458333333333,0.24875
"2",2017-12-02,"Winter","No Holiday",8523,0,0,1.325,61.9583333333333,1.7125,1471.08333333333,-5.71666666666667,0.26375
"3",2017-12-03,"Winter","No Holiday",7222,4,0,4.875,81.5416666666667,1.6125,455.75,1.88333333333333,0.125416666666667
"4",2017-12-04,"Winter","No Holiday",8729,0.1,0,-0.304166666666667,52.5,3.45,1362.83333333333,-9.925,0.282916666666667
"5",2017-12-05,"Winter","No Holiday",8307,0,0,-4.45833333333333,36.4166666666667,1.10833333333333,1959.45833333333,-17.425,0.0358333333333333
"6",2017-12-06,"Winter","No Holiday",6669,1.3,8.6,0.0458333333333333,70.7916666666667,0.695833333333333,1186.875,-5.1875,0.255833333333333
"7",2017-12-07,"Winter","No Holiday",8549,0,10.4,1.09166666666667,67.5416666666667,1.69166666666667,949.416666666667,-5.0125,0.24375
"8",2017-12-08,"Winter","No Holiday",8032,0,0,-3.825,41.75,1.85,1872.20833333333,-15.3666666666667,0.287083333333333
"9",2017-12-09,"Winter","No Holiday",7233,0,0,-0.845833333333333,46,1.07916666666667,1860.95833333333,-11.2333333333333,0.263333333333333
"10",2017-12-10,"Winter","No Holiday",3453,4.1,32.5,1.19166666666667,69.7083333333333,2.00416666666667,1043.04166666667,-4.03333333333333,0.0866666666666667
"11",2017-12-11,"Winter","No Holiday",5848,0,0,-6.26666666666667,39.375,3.60833333333333,1991.16666666667,-17.9833333333333,0.292083333333333
"12",2017-12-12,"Winter","No Holiday",5496,0,0,-9.46666666666667,42.7916666666667,2.03333333333333,1966.79166666667,-19.9375,0.283333333333333
"13",2017-12-13,"Winter","No Holiday",6019,0,0,-8.61666666666667,41.1666666666667,1.7875,1954.125,-19.8791666666667,0.28375
"14",2017-12-14,"Winter","No Holiday",6398,0,0,-6.87083333333333,42.5416666666667,0.8875,1617.16666666667,-17.7583333333333,0.154166666666667
"15",2017-12-15,"Winter","No Holiday",7198,0,0,-3.27916666666667,50.4583333333333,0.983333333333333,1000.20833333333,-12.325,0.100416666666667
"16",2017-12-16,"Winter","No Holiday",4632,0,0,-5.2875,46.3333333333333,2.95416666666667,1514.875,-16.0166666666667,0.266666666666667
"17",2017-12-17,"Winter","No Holiday",3776,0,0,-7.0125,37.625,1.90416666666667,1989.625,-19.275,0.27125
"18",2017-12-18,"Winter","No Holiday",2620,3.4,59.7,-1.97083333333333,77,1.18333333333333,629.5,-5.55,0.0691666666666667
"19",2017-12-19,"Winter","No Holiday",4334,0,55.6,-3.53333333333333,50.2083333333333,2.17083333333333,1661.20833333333,-13.0208333333333,0.275416666666667
"20",2017-12-20,"Winter","No Holiday",4568,0.2,48.3,-4.29166666666667,65.5,1.1125,1404.70833333333,-10.0041666666667,0.14
"21",2017-12-21,"Winter","No Holiday",5734,0,38.9,-0.845833333333333,73.0833333333333,1.21666666666667,730.375,-5.47916666666667,0.25625
"22",2017-12-22,"Winter","Holiday",7184,0,7.7,2.75833333333333,67.0833333333333,1,802.75,-2.8375,0.142083333333333
"23",2017-12-23,"Winter","No Holiday",6624,0,0,6.12916666666667,75.5833333333333,1.15833333333333,338.625,2.02083333333333,0.136666666666667
"24",2017-12-24,"Winter","Holiday",2014,20,0,3.45833333333333,82.7916666666667,1.825,359.333333333333,0.708333333333333,0.0291666666666667
"25",2017-12-25,"Winter","Holiday",3966,0,0,-2.09166666666667,43.375,2.7,1916.91666666667,-13.2166666666667,0.282083333333333
"26",2017-12-26,"Winter","No Holiday",5605,0,0,-3.26666666666667,43.5833333333333,2.8625,1960.29166666667,-15.3666666666667,0.28
"27",2017-12-27,"Winter","No Holiday",5351,0,0,-6.99583333333333,31.125,1.95416666666667,1996.5,-21.5708333333333,0.275416666666667
"28",2017-12-28,"Winter","No Holiday",6594,0,0,-2.57916666666667,45.0416666666667,1.35416666666667,1574.79166666667,-13.2958333333333,0.157916666666667
"29",2017-12-29,"Winter","No Holiday",7663,0,0,2.19583333333333,65,1.175,523.625,-3.74583333333333,0.16125
"30",2017-12-30,"Winter","No Holiday",4027,0.5,0,1.3125,77.75,0.9375,214.291666666667,-2.25416666666667,0.09375
"31",2017-12-31,"Winter","Holiday",3423,1.2,14.3,0.0875,59.0833333333333,2.32083333333333,1120.29166666667,-8.32916666666667,0.27625
"32",2018-01-01,"Winter","Holiday",4290,0,0,-1.28333333333333,39.3333333333333,1.45416666666667,1894.83333333333,-13.8666666666667,0.255833333333333
"33",2018-01-02,"Winter","No Holiday",6446,0,0,-1.49166666666667,43.7083333333333,1.76666666666667,1712.20833333333,-13.3458333333333,0.223333333333333
"34",2018-01-03,"Winter","No Holiday",6512,0,0,-4.47916666666667,41.1666666666667,2.125,1945.16666666667,-15.8791666666667,0.273333333333333
"35",2018-01-04,"Winter","No Holiday",6453,0,0,-4.8,44.125,1.375,1825.33333333333,-15.3791666666667,0.197083333333333
"36",2018-01-05,"Winter","No Holiday",6967,0,0,-2.9125,48.5416666666667,1.65833333333333,1434.20833333333,-12.3416666666667,0.248333333333333
"37",2018-01-06,"Winter","No Holiday",5180,0,0,-2.75416666666667,45.6666666666667,1.47916666666667,1561.83333333333,-13.3833333333333,0.282916666666667
"38",2018-01-07,"Winter","No Holiday",4714,0,0,-1.20833333333333,43.0833333333333,0.8125,1451.875,-12.4791666666667,0.15625
"39",2018-01-08,"Winter","No Holiday",5711,0.9,4.5,1.42083333333333,49.3333333333333,1.75,1148.95833333333,-8.6,0.0995833333333333
"40",2018-01-09,"Winter","No Holiday",5500,0,10.8,-3.87083333333333,58.5833333333333,2.975,1495.95833333333,-10.8875,0.233333333333333
"41",2018-01-10,"Winter","No Holiday",4161,0.8,10.2,-7.03333333333333,54.2083333333333,2.93333333333333,1860.625,-15.2125,0.285416666666667
"42",2018-01-11,"Winter","No Holiday",4017,0,0,-10.7666666666667,49.875,2.6375,1828.125,-19.3208333333333,0.283333333333333
"43",2018-01-12,"Winter","No Holiday",4111,0,0,-10.6958333333333,36.1666666666667,1.76666666666667,1981.91666666667,-23.1708333333333,0.29625
"44",2018-01-13,"Winter","No Holiday",3503,0.4,2.2,-4.55833333333333,63.7916666666667,0.845833333333333,1082.75,-10.5916666666667,0.116666666666667
"45",2018-01-14,"Winter","No Holiday",4225,0,0,0.0208333333333333,65.75,1.0625,667.875,-5.8625,0.189583333333333
"46",2018-01-15,"Winter","No Holiday",6334,0.2,0,4.70833333333333,63.9166666666667,1.47916666666667,639.583333333333,-1.9125,0.194583333333333
"47",2018-01-16,"Winter","No Holiday",6705,0,0,3.27916666666667,59.4583333333333,0.758333333333333,428.541666666667,-3.98333333333333,0.1
"48",2018-01-17,"Winter","No Holiday",6292,0,0,4.55,63.4166666666667,1.22916666666667,350.125,-1.87916666666667,0.17375
"49",2018-01-18,"Winter","No Holiday",6383,0,0,2.31666666666667,62.5416666666667,1.875,586.291666666667,-4.6,0.126666666666667
"50",2018-01-19,"Winter","No Holiday",7472,0,0,1.05416666666667,40.875,1.65416666666667,1484.375,-11.275,0.273333333333333
"51",2018-01-20,"Winter","No Holiday",5576,0,0,2.2625,58.4583333333333,1.56666666666667,791.958333333333,-5.09583333333333,0.187916666666667
"52",2018-01-21,"Winter","No Holiday",4973,0,0,0.391666666666667,37.5833333333333,1.13333333333333,1375.75,-13.4708333333333,0.245
"53",2018-01-22,"Winter","No Holiday",4503,3.3,6.2,0.441666666666667,53.2083333333333,1.40833333333333,1294.5,-9.35416666666667,0.0795833333333333
"54",2018-01-23,"Winter","No Holiday",3981,0,23.3,-10.9166666666667,44.5416666666667,3.675,1912.04166666667,-21.0708333333333,0.3175
"55",2018-01-24,"Winter","No Holiday",3154,0,19.7,-14.0833333333333,30.7916666666667,3.39583333333333,1986.08333333333,-27.75,0.322083333333333
"56",2018-01-25,"Winter","No Holiday",3113,0,14.2,-14.0041666666667,33.4166666666667,2.87083333333333,1996.5,-26.7708333333333,0.303333333333333
"57",2018-01-26,"Winter","No Holiday",2931,0,10.3,-14.7375,33.9166666666667,2.51666666666667,1890.95833333333,-27.2291666666667,0.277916666666667
"58",2018-01-27,"Winter","No Holiday",2693,0,4.4,-10.4291666666667,38.2916666666667,1.53333333333333,1794.54166666667,-22.3,0.3125
"59",2018-01-28,"Winter","No Holiday",2828,0,0,-6.03333333333333,34.7083333333333,2.625,1928.16666666667,-19.4458333333333,0.265833333333333
"60",2018-01-29,"Winter","No Holiday",4088,0,0,-8.525,36.25,2.72083333333333,1946.08333333333,-21.15,0.32
"61",2018-01-30,"Winter","No Holiday",3360,2.9,19.4,-5.9125,58.6666666666667,1.25416666666667,1413.625,-13.3375,0.225416666666667
"62",2018-01-31,"Winter","No Holiday",3830,0,64.8,-2.1875,57.1666666666667,1.7125,1545.70833333333,-10.3833333333333,0.1625
"63",2018-02-01,"Winter","No Holiday",5377,0,21.7,-3.86666666666667,44,1.60833333333333,1923.625,-15.0125,0.337083333333333
"64",2018-02-02,"Winter","No Holiday",5954,0,0,-2.64583333333333,48.7083333333333,1.64166666666667,1667.29166666667,-12.6166666666667,0.30375
"65",2018-02-03,"Winter","No Holiday",3290,0.5,2.2,-6.61666666666667,48.9166666666667,3.79583333333333,1678.75,-16.125,0.56875
"66",2018-02-04,"Winter","No Holiday",2487,0,0,-9.52083333333333,41,3.0625,1828.375,-20.6666666666667,0.56875
"67",2018-02-05,"Winter","No Holiday",3932,0,0,-9.4,37.9583333333333,3.06666666666667,1975.29166666667,-21.5291666666667,0.59625
"68",2018-02-06,"Winter","No Holiday",3988,0,0,-10.0083333333333,35.5416666666667,3.17916666666667,1956.08333333333,-22.575,0.58875
"69",2018-02-07,"Winter","No Holiday",4697,0,0,-8.325,40,1.61666666666667,1831,-20.3583333333333,0.557916666666667
"70",2018-02-08,"Winter","No Holiday",5613,0,0,-4.5875,44.75,1.2,1643.875,-15.5083333333333,0.54375
"71",2018-02-09,"Winter","No Holiday",6268,0,0,-0.0541666666666667,42.4583333333333,1.09583333333333,1181.58333333333,-11.8041666666667,0.273333333333333
"72",2018-02-10,"Winter","No Holiday",4425,0,0,0.120833333333333,49.75,3.06666666666667,1094.45833333333,-10.9458333333333,0.392083333333333
"73",2018-02-11,"Winter","No Holiday",2850,0,0,-5.9875,40.5416666666667,2.7,1963.79166666667,-17.7791666666667,0.510833333333333
"74",2018-02-12,"Winter","No Holiday",4813,0,0,-5.9875,39.7083333333333,2.775,1934.83333333333,-17.8958333333333,0.5725
"75",2018-02-13,"Winter","No Holiday",6267,0,0,-1.33333333333333,53.8333333333333,2.64166666666667,1950.375,-9.72083333333333,0.571666666666667
"76",2018-02-14,"Winter","No Holiday",6771,0,0,3.59583333333333,53.7916666666667,2.42916666666667,1380.54166666667,-5.45,0.288333333333333
"77",2018-02-15,"Winter","Holiday",3484,0,0,-0.45,27.75,2.38333333333333,1982.75,-17.4291666666667,0.6
"78",2018-02-16,"Winter","Holiday",2593,0,0,-1.0875,40.5,2.09166666666667,1877.25,-13.6041666666667,0.5875
"79",2018-02-17,"Winter","Holiday",3118,0,0,-2.89166666666667,26.875,2.72083333333333,1973.33333333333,-19.9916666666667,0.658333333333333
"80",2018-02-18,"Winter","No Holiday",4562,0,0,-0.679166666666667,26.5,1.2875,1985.58333333333,-18.0291666666667,0.4675
"81",2018-02-19,"Winter","No Holiday",7604,0,0,1.72916666666667,46.5,1.5,1269.29166666667,-8.7375,0.42
"82",2018-02-20,"Winter","No Holiday",7955,0,0,1.09583333333333,44.9166666666667,2.45416666666667,1267.95833333333,-11.8208333333333,0.565
"83",2018-02-21,"Winter","No Holiday",7491,0,0,-0.916666666666667,30,2.3375,1972.125,-17.4333333333333,0.636666666666667
"84",2018-02-22,"Winter","No Holiday",7712,0,0,0.991666666666667,56,2.07083333333333,1500.16666666667,-6.8625,0.39375
"85",2018-02-23,"Winter","No Holiday",5797,4.1,44.7,3.95,80.9166666666667,1.91666666666667,249.791666666667,0.720833333333333,0.392916666666667
"86",2018-02-24,"Winter","No Holiday",6356,0,0,2.7625,52.6666666666667,2.3125,963,-7.45416666666667,0.545416666666667
"87",2018-02-25,"Winter","No Holiday",6500,0,0,1.91666666666667,39.2916666666667,1.79583333333333,1694.875,-11.1666666666667,0.67375
"88",2018-02-26,"Winter","No Holiday",9247,0,0,2.725,45.9583333333333,1.36666666666667,1324.625,-8.76666666666667,0.681666666666667
"89",2018-02-27,"Winter","No Holiday",8862,0,0,4.00833333333333,47,0.9,872.166666666667,-6.34166666666667,0.119166666666667
"90",2018-02-28,"Winter","No Holiday",3820,23,0,4.85,70.0833333333333,2.10416666666667,640,-0.5875,0.07125
"91",2018-03-01,"Spring","Holiday",5132,2.5,0,0.45,64.2083333333333,3.55416666666667,1084,-6.3875,0.7475
"92",2018-03-02,"Spring","No Holiday",8433,0,0,-1.14583333333333,36.375,1.64166666666667,1679.29166666667,-14.9083333333333,0.792916666666667
"93",2018-03-03,"Spring","No Holiday",12191,0,0,7.17916666666667,33.5416666666667,1.59583333333333,1712.91666666667,-9.09166666666667,0.751666666666667
"94",2018-03-04,"Spring","No Holiday",4688,2.5,0,9.83333333333333,89,1.22916666666667,582.625,8.00833333333333,0.163333333333333
"95",2018-03-05,"Spring","No Holiday",8597,12.5,0,6.0375,68.5833333333333,1.91666666666667,1838.08333333333,0.154166666666667,0.575
"96",2018-03-06,"Spring","No Holiday",12003,0,0,4.2875,49.4583333333333,1.54583333333333,1816.33333333333,-6.58333333333333,0.74375
"97",2018-03-07,"Spring","No Holiday",11170,0,0,6.19166666666667,50.6666666666667,1.71666666666667,1873.625,-3.6125,0.448333333333333
"98",2018-03-08,"Spring","No Holiday",7711,4.5,0,4.72916666666667,77.7916666666667,2.03333333333333,826.25,0.975,0.429166666666667
"99",2018-03-09,"Spring","No Holiday",11642,0,0,4.60416666666667,62.0416666666667,1.5125,1083.66666666667,-2.3,0.425833333333333
"100",2018-03-10,"Spring","No Holiday",11064,0,0,4.35416666666667,65.0416666666667,1.95,980.833333333333,-2.0625,0.685416666666667
"101",2018-03-11,"Spring","No Holiday",11843,0,0,6.6125,53.3333333333333,1.94166666666667,945.125,-3.88333333333333,0.754583333333333
"102",2018-03-12,"Spring","No Holiday",13339,0,0,7.7875,44.4583333333333,1.4,812.791666666667,-3.8,0.58
"103",2018-03-13,"Spring","No Holiday",15963,0,0,11.65,59.25,1.725,973.791666666667,3.64166666666667,0.590416666666667
"104",2018-03-14,"Spring","No Holiday",19180,0,0,16.775,60.0416666666667,2.2625,1774.95833333333,8.59166666666667,0.644166666666667
"105",2018-03-15,"Spring","No Holiday",6227,27,0,13,91.2916666666667,2.0125,613.791666666667,11.425,0.06125
"106",2018-03-16,"Spring","No Holiday",15277,0,0,7.35416666666667,50.0416666666667,1.9,1989.5,-2.97083333333333,0.881666666666667
"107",2018-03-17,"Spring","No Holiday",15389,0,0,6.38333333333333,47.9166666666667,1.59583333333333,1659.04166666667,-4.37083333333333,0.744583333333333
"108",2018-03-18,"Spring","No Holiday",9609,0,0,8.06666666666667,53.8333333333333,1.17083333333333,845.625,-1.01666666666667,0.299583333333333
"109",2018-03-19,"Spring","No Holiday",8968,1.5,0,8.02083333333333,68.75,2.37916666666667,1316.5,2.22083333333333,0.13875
"110",2018-03-20,"Spring","No Holiday",11515,0,0,5.04166666666667,40.5833333333333,3.45833333333333,1996.79166666667,-7.28333333333333,0.598333333333333
"111",2018-03-21,"Spring","No Holiday",7384,1,0,2.12916666666667,59.625,1.75,1783.875,-5.65833333333333,0.255416666666667
"112",2018-03-22,"Spring","No Holiday",14007,0,0,4.85,62.25,2.22916666666667,1232.875,-2.6625,0.852083333333333
"113",2018-03-23,"Spring","No Holiday",14969,0,0,6.075,57.2083333333333,1.9375,800.083333333333,-2.69166666666667,0.795
"114",2018-03-24,"Spring","No Holiday",12243,0,0,7.47916666666667,59.7083333333333,2.20416666666667,448.25,-0.179166666666667,0.639583333333333
"115",2018-03-25,"Spring","No Holiday",10963,0,0,9.625,65.8333333333333,1.7625,264.166666666667,2.79166666666667,0.796666666666667
"116",2018-03-26,"Spring","No Holiday",13084,0,0,10.8,65.5,1.99166666666667,460,3.3625,0.794166666666667
"117",2018-03-27,"Spring","No Holiday",14710,0,0,13.0833333333333,60.25,1.6,490.583333333333,5.17916666666667,0.665833333333333
"118",2018-03-28,"Spring","No Holiday",17295,0,0,13.9666666666667,65.7083333333333,2.1875,871.166666666667,7.2625,0.580833333333333
"119",2018-03-29,"Spring","No Holiday",17450,0,0,15.5458333333333,66.7916666666667,1.69583333333333,539.416666666667,8.90416666666667,0.619166666666667
"120",2018-03-30,"Spring","No Holiday",19301,0,0,14.6708333333333,55.0416666666667,1.77916666666667,906.416666666667,4.6125,0.83375
"121",2018-03-31,"Spring","No Holiday",19247,0,0,13.9416666666667,54.0416666666667,1.89583333333333,1230.75,3.94166666666667,0.711666666666667
"122",2018-04-01,"Spring","No Holiday",17388,0,0,15.1833333333333,68.9166666666667,1.57083333333333,831.833333333333,9.37083333333333,0.302083333333333
"123",2018-04-02,"Spring","No Holiday",21585,0,0,18.2166666666667,65.5416666666667,2.00416666666667,1099.45833333333,11.2125,0.589166666666667
"124",2018-04-03,"Spring","No Holiday",21015,0,0,17.9583333333333,70.2916666666667,2.1125,1157.625,12.2791666666667,0.286666666666667
"125",2018-04-04,"Spring","No Holiday",19995,18.6,0,13.7375,70.0833333333333,1.825,1555.75,7.64583333333333,0.815
"126",2018-04-05,"Spring","No Holiday",2596,10,0,7.79583333333333,87.3333333333333,1.9875,1145.95833333333,5.575,0.0895833333333333
"127",2018-04-06,"Spring","No Holiday",11520,7,0,6.30416666666667,74.0416666666667,3.0375,848.458333333333,1.57916666666667,0.46625
"128",2018-04-07,"Spring","No Holiday",11159,0.2,0,4.20833333333333,46,4,1597.95833333333,-7.2375,0.76
"129",2018-04-08,"Spring","No Holiday",6666,3,0,3.8125,56.9583333333333,1.73333333333333,1578.91666666667,-4.8625,0.330416666666667
"130",2018-04-09,"Spring","No Holiday",19082,0,0,7.47916666666667,60.2916666666667,1.05,926,-1.72083333333333,0.896666666666667
"131",2018-04-10,"Spring","No Holiday",16696,5,0,14.6541666666667,46.9583333333333,3.43333333333333,1625.41666666667,2.84583333333333,0.73
"132",2018-04-11,"Spring","No Holiday",0,0,0,12.8666666666667,53.375,3.00833333333333,1331.54166666667,2.12083333333333,1.03583333333333
"133",2018-04-12,"Spring","No Holiday",22729,0,0,13.0291666666667,32.4166666666667,2.575,1885.75,-4.64166666666667,1.02333333333333
"134",2018-04-13,"Spring","No Holiday",23240,0,0,14.2916666666667,22.25,1.4,1997.83333333333,-7.51666666666667,0.528333333333333
"135",2018-04-14,"Spring","No Holiday",6980,9,0,9.5875,75.1666666666667,1.82916666666667,1388.79166666667,4.46666666666667,0.145416666666667
"136",2018-04-15,"Spring","No Holiday",10207,0,0,9.4125,67.7083333333333,2.3375,1301.125,3.42083333333333,0.720416666666667
"137",2018-04-16,"Spring","No Holiday",23198,0,0,11.4291666666667,43.875,1.6,1836.66666666667,-1.53333333333333,1.03291666666667
"138",2018-04-17,"Spring","No Holiday",22234,0,0,12.8083333333333,36.9166666666667,1.8125,1622.04166666667,-2.13333333333333,1.00125
"139",2018-04-18,"Spring","No Holiday",21670,0,0,12.3791666666667,35.4166666666667,1.94166666666667,1497.79166666667,-3.41666666666667,1.04541666666667
"140",2018-04-19,"Spring","No Holiday",17730,0,0,13.7875,37.5416666666667,1.925,1163.29166666667,-1.425,0.931666666666667
"141",2018-04-20,"Spring","No Holiday",22593,0,0,18.0625,45.7916666666667,1.32083333333333,789.708333333333,5.39583333333333,0.945
"142",2018-04-21,"Spring","No Holiday",24404,0,0,18.6625,35.3333333333333,1.82916666666667,1292.70833333333,-0.129166666666667,1.08916666666667
"143",2018-04-22,"Spring","No Holiday",6852,13.5,0,16.0333333333333,52.5416666666667,1.06666666666667,1578.91666666667,5.45833333333333,0.212083333333333
"144",2018-04-23,"Spring","No Holiday",977,61,0,9.425,93.7916666666667,2.20833333333333,721.041666666667,8.41666666666667,0.107916666666667
"145",2018-04-24,"Spring","No Holiday",20144,3,0,12.1958333333333,65.2083333333333,1.4125,1938.45833333333,5.2375,0.4225
"146",2018-04-25,"Spring","No Holiday",26285,0,0,14.2458333333333,38.7916666666667,1.47083333333333,1880.33333333333,-0.808333333333333,1.04041666666667
"147",2018-04-26,"Spring","No Holiday",25670,0,0,15.0875,50.0833333333333,1.87083333333333,1355.66666666667,3.875,0.91125
"148",2018-04-27,"Spring","No Holiday",25861,0,0,15.575,51.7083333333333,1.70416666666667,985.75,5.13333333333333,0.954166666666667
"149",2018-04-28,"Spring","No Holiday",24940,0,0,15.5083333333333,50.5,2.025,1153.20833333333,3.875,1.085
"150",2018-04-29,"Spring","No Holiday",25349,0,0,15.8708333333333,43.125,1.9,1252.70833333333,2.44166666666667,1.02083333333333
"151",2018-04-30,"Spring","No Holiday",25462,0,0,18.8333333333333,60.375,1.5875,495.333333333333,10.6916666666667,0.864166666666667
"152",2018-05-01,"Spring","Holiday",26820,0,0,20.3416666666667,72.7916666666667,1.4375,456.458333333333,15.1208333333333,0.5175
"153",2018-05-02,"Spring","No Holiday",7448,12,0,16.0708333333333,88.9583333333333,1.85833333333333,490.5,14.1458333333333,0.102916666666667
"154",2018-05-03,"Spring","No Holiday",21027,1,0,11.0166666666667,64.9583333333333,2.78333333333333,1786.20833333333,4.16666666666667,0.5075
"155",2018-05-04,"Spring","No Holiday",26670,0,0,13.8375,46.8333333333333,2.6875,1815.79166666667,1.9375,1.13583333333333
"156",2018-05-05,"Spring","No Holiday",25353,0,0,17.7291666666667,46.7916666666667,2.725,1848.75,5.6875,0.9275
"157",2018-05-06,"Spring","No Holiday",14556,22,0,16.9166666666667,84.0416666666667,1.1,1222.375,13.975,0.387916666666667
"158",2018-05-07,"Spring","No Holiday",28140,0,0,18.9916666666667,62.7083333333333,1.20416666666667,1703.91666666667,10.7375,0.7375
"159",2018-05-08,"Spring","No Holiday",26429,0,0,17.7583333333333,52.0833333333333,1.70416666666667,1939.16666666667,7.44583333333333,0.96875
"160",2018-05-09,"Spring","No Holiday",28895,0,0,15.4583333333333,50.0416666666667,1.69583333333333,1958.79166666667,4.63333333333333,1.11541666666667
"161",2018-05-10,"Spring","No Holiday",0,0,0,15.4708333333333,65.8333333333333,2.25416666666667,1099.95833333333,8.7,1.10541666666667
"162",2018-05-11,"Spring","No Holiday",26649,0,0,15.8125,63.5,1.7125,689.458333333333,8.2875,0.779166666666667
"163",2018-05-12,"Spring","No Holiday",3034,31.5,0,14.2208333333333,85.2083333333333,0.983333333333333,425.041666666667,11.4083333333333,0.055
"164",2018-05-13,"Spring","No Holiday",25913,1,0,15.95,83.625,1.80833333333333,683.166666666667,12.8666666666667,0.682083333333333
"165",2018-05-14,"Spring","No Holiday",27793,0,0,17.7416666666667,72.4166666666667,1.39166666666667,364.208333333333,12.2333333333333,0.799583333333333
"166",2018-05-15,"Spring","No Holiday",28478,0,0,22.6875,56.4583333333333,1.07916666666667,790.583333333333,12.7291666666667,0.8825
"167",2018-05-16,"Spring","No Holiday",6416,44.5,0,22.4208333333333,90.6666666666667,1.8,466.791666666667,20.6416666666667,0.0666666666666667
"168",2018-05-17,"Spring","No Holiday",3521,82.5,0,21.1375,95.875,1.16666666666667,750.875,20.3666666666667,0.165
"169",2018-05-18,"Spring","No Holiday",16087,7.5,0,16.8958333333333,89.2083333333333,1.30416666666667,1087.54166666667,14.9666666666667,0.235
"170",2018-05-19,"Spring","No Holiday",30994,0,0,17.2666666666667,47.0833333333333,1.5375,1996.25,5.81666666666667,1.21375
"171",2018-05-20,"Spring","No Holiday",27829,0,0,17.0625,33.8333333333333,1.3875,2000,0.55,0.600833333333333
"172",2018-05-21,"Spring","No Holiday",31236,0,0,17.6875,31.4583333333333,1.4375,1861.66666666667,3.4125,1.02458333333333
"173",2018-05-22,"Spring","Holiday",13790,9,0,18.1958333333333,60.4583333333333,1.05416666666667,1153.04166666667,12.8416666666667,0.452916666666667
"174",2018-05-23,"Spring","No Holiday",27674,10,0,17.4541666666667,62,2.7,1652.75,8.92083333333333,1.21666666666667
"175",2018-05-24,"Spring","No Holiday",28781,0,0,17.9583333333333,47.0833333333333,2.25833333333333,1603.20833333333,5.88333333333333,1.12583333333333
"176",2018-05-25,"Spring","No Holiday",29057,0,0,19.7541666666667,47.2916666666667,1.7625,1318.625,6.97083333333333,1.06166666666667
"177",2018-05-26,"Spring","No Holiday",28079,0,0,21.4791666666667,50.25,1.41666666666667,1147.66666666667,9.79166666666667,1.11916666666667
"178",2018-05-27,"Spring","No Holiday",28991,0,0,20.5875,42.125,1.925,1557.75,7.45416666666667,0.713333333333333
"179",2018-05-28,"Spring","No Holiday",31020,0,0,21.9708333333333,40,1.54583333333333,1658.66666666667,10.85,1.10375
"180",2018-05-29,"Spring","No Holiday",24355,1,0,21.5375,66.4166666666667,1.87083333333333,1123.04166666667,13.4041666666667,0.555833333333333
"181",2018-05-30,"Spring","No Holiday",30372,0,0,20.5375,69.75,1.775,945.916666666667,14.3833333333333,0.902916666666667
"182",2018-05-31,"Spring","No Holiday",31681,0,0,20.525,61.2083333333333,1.94166666666667,1246.20833333333,11.4916666666667,1.1225
"183",2018-06-01,"Summer","No Holiday",31928,0,0,23.7083333333333,50.125,1.95416666666667,1598.16666666667,11.8625,1.16416666666667
"184",2018-06-02,"Summer","No Holiday",30693,0,0,23.5125,43.875,1.94166666666667,1570.70833333333,9.05833333333333,1.18708333333333
"185",2018-06-03,"Summer","No Holiday",29761,0,0,23.7125,41.1666666666667,1.69166666666667,1834.83333333333,8.62916666666667,1.1325
"186",2018-06-04,"Summer","No Holiday",33257,0,0,22.8833333333333,47.6666666666667,1.75833333333333,1670.58333333333,10.8416666666667,0.880416666666667
"187",2018-06-05,"Summer","No Holiday",33424,0,0,23.5666666666667,52.2083333333333,1.72916666666667,1398.20833333333,12.5125,1.01458333333333
"188",2018-06-06,"Summer","Holiday",30498,0,0,23.0916666666667,60.375,2.0875,1029.75,14.7333333333333,1.10833333333333
"189",2018-06-07,"Summer","No Holiday",32002,0,0,22.2958333333333,69.2916666666667,1.94166666666667,673.916666666667,15.8041666666667,1.00166666666667
"190",2018-06-08,"Summer","No Holiday",35103,0,0,21.7416666666667,68.4583333333333,2.0625,1055.625,15.3416666666667,0.771666666666667
"191",2018-06-09,"Summer","No Holiday",25911,0.5,0,23.6833333333333,61.2916666666667,1.38333333333333,1225,14.975,0.843333333333333
"192",2018-06-10,"Summer","No Holiday",29342,0.5,0,21.3041666666667,60.125,1.37916666666667,1997,13.0125,0.534166666666667
"193",2018-06-11,"Summer","No Holiday",24832,4,0,20.5583333333333,63.375,1.42083333333333,1912.79166666667,13.0041666666667,0.469583333333333
"194",2018-06-12,"Summer","No Holiday",34544,1,0,21.1791666666667,66.25,1.6625,1975.875,14.05,0.977083333333333
"195",2018-06-13,"Summer","No Holiday",36149,0,0,21.975,63.7083333333333,1.45833333333333,1475.29166666667,14.5333333333333,0.65625
"196",2018-06-14,"Summer","No Holiday",23818,29,0,21.6541666666667,74.375,1.10833333333333,1117.70833333333,16.6208333333333,0.430833333333333
"197",2018-06-15,"Summer","No Holiday",33492,16.5,0,21.8583333333333,60.75,1.40416666666667,1859.95833333333,13.3708333333333,0.985
"198",2018-06-16,"Summer","No Holiday",34360,0,0,22.3,54.125,1.475,1880.83333333333,12.2,1.16916666666667
"199",2018-06-17,"Summer","No Holiday",32487,0,0,22.7333333333333,67.125,1.425,812.708333333333,16.0208333333333,0.615833333333333
"200",2018-06-18,"Summer","No Holiday",27541,0,0,24.8,55.875,1.53333333333333,1225.16666666667,14.5708333333333,1.09041666666667
"201",2018-06-19,"Summer","No Holiday",35349,0,0,22.5916666666667,61.1666666666667,1.75416666666667,1209.75,14.4041666666667,0.735416666666667
"202",2018-06-20,"Summer","No Holiday",34639,0,0,22.6958333333333,67.25,2.4875,859.916666666667,15.9083333333333,1.02166666666667
"203",2018-06-21,"Summer","No Holiday",34621,0,0,23.6416666666667,60.9583333333333,2.15416666666667,1155.66666666667,14.9541666666667,1.17541666666667
"204",2018-06-22,"Summer","No Holiday",34079,0,0,24.6875,47.9166666666667,1.72916666666667,1303.29166666667,11.15,1.14166666666667
"205",2018-06-23,"Summer","No Holiday",31949,0,0,24.5708333333333,47.5833333333333,1.94166666666667,1530.08333333333,12.1958333333333,0.924583333333333
"206",2018-06-24,"Summer","No Holiday",27028,0,0,25.1458333333333,62.125,1.90416666666667,865.25,16.1333333333333,1.07083333333333
"207",2018-06-25,"Summer","No Holiday",32702,0,0,26.7208333333333,58.4583333333333,1.14583333333333,896.833333333333,17.0458333333333,0.851666666666667
"208",2018-06-26,"Summer","No Holiday",5200,71.5,0,22.9041666666667,84.125,2.225,453.708333333333,19.5916666666667,0.05375
"209",2018-06-27,"Summer","No Holiday",29755,1,0,22.1875,83,1.9625,618,18.9291666666667,0.565
"210",2018-06-28,"Summer","No Holiday",21647,26.5,0,23.3875,83.4583333333333,1.16666666666667,973.333333333333,20.225,0.387916666666667
"211",2018-06-29,"Summer","No Holiday",30297,6.5,0,24.6625,79.25,1.475,563.875,20.4416666666667,0.782916666666667
"212",2018-06-30,"Summer","No Holiday",20479,14.5,0,24.35,83.0833333333333,0.9125,603.5,21.1583333333333,0.365
"213",2018-07-01,"Summer","No Holiday",3231,81,0,22.025,93.4583333333333,0.783333333333333,933.791666666667,20.8333333333333,0.0870833333333333
"214",2018-07-02,"Summer","No Holiday",5240,61.5,0,22.4375,95.4166666666667,0.795833333333333,1055.45833333333,21.5833333333333,0.197083333333333
"215",2018-07-03,"Summer","No Holiday",29293,0.6,0,27.1166666666667,75.5,0.783333333333333,1792.45833333333,21.8791666666667,0.953333333333333
"216",2018-07-04,"Summer","No Holiday",31781,0,0,27.4625,69.3333333333333,1.65833333333333,1868.41666666667,21.1041666666667,0.934583333333333
"217",2018-07-05,"Summer","No Holiday",28182,0.5,0,25.3916666666667,74.7083333333333,1.19583333333333,1377.54166666667,20.4333333333333,0.453333333333333
"218",2018-07-06,"Summer","No Holiday",33676,0,0,24.0625,58.4166666666667,1.85,2000,15.2666666666667,0.659583333333333
"219",2018-07-07,"Summer","No Holiday",31076,0,0,23.7625,51.75,1.575,1996.79166666667,13.0541666666667,1.13833333333333
"220",2018-07-08,"Summer","No Holiday",30080,0,0,23.0041666666667,50.5833333333333,1.52083333333333,1989.54166666667,12.0041666666667,0.999166666666667
"221",2018-07-09,"Summer","No Holiday",6191,8.5,0,21.0208333333333,79.625,1.0875,1718.45833333333,17.0916666666667,0.166666666666667
"222",2018-07-10,"Summer","No Holiday",20641,21.5,0,23.3416666666667,87.1666666666667,0.6625,1466.04166666667,20.95,0.246666666666667
"223",2018-07-11,"Summer","No Holiday",24135,3.5,0,26.6208333333333,84,1.3125,1017.625,23.4625,0.364166666666667
"224",2018-07-12,"Summer","No Holiday",29428,1,0,26.775,81.4166666666667,1.5375,1369.375,23.2291666666667,0.413333333333333
"225",2018-07-13,"Summer","No Holiday",30088,0,0,27.1666666666667,75.8333333333333,1.85416666666667,1591.95833333333,22.3333333333333,0.65
"226",2018-07-14,"Summer","No Holiday",25814,0,0,27.9125,70.1666666666667,1.82916666666667,1624.375,21.6625,0.89625
"227",2018-07-15,"Summer","No Holiday",22790,0,0,28.2666666666667,69.9166666666667,1.63333333333333,1604.45833333333,21.8708333333333,0.954583333333333
"228",2018-07-16,"Summer","No Holiday",26823,0,0,28.725,64.3333333333333,1.71666666666667,1722.25,20.7708333333333,1.11125
"229",2018-07-17,"Summer","No Holiday",28435,0,0,28.0833333333333,65.4166666666667,1.74583333333333,1398.5,20.65,1.06541666666667
"230",2018-07-18,"Summer","No Holiday",27896,0,0,28.2333333333333,65.2083333333333,1.4,1003.41666666667,20.5916666666667,1.0475
"231",2018-07-19,"Summer","No Holiday",27820,0,0,28.5583333333333,64.25,1.72083333333333,1330.79166666667,20.5458333333333,1.15833333333333
"232",2018-07-20,"Summer","No Holiday",26699,0,0,29.4041666666667,63.4166666666667,1.42916666666667,1336.29166666667,21.1708333333333,1.07208333333333
"233",2018-07-21,"Summer","No Holiday",21283,0,0,30.5291666666667,55.25,1.47083333333333,1586.33333333333,19.7,1.10916666666667
"234",2018-07-22,"Summer","No Holiday",18563,0,0,31.55,50.9166666666667,1.39583333333333,1874.29166666667,19.4583333333333,1.06291666666667
"235",2018-07-23,"Summer","No Holiday",24890,0,0,31.6166666666667,52.8333333333333,1.89166666666667,1893.25,20.6875,0.789166666666667
"236",2018-07-24,"Summer","No Holiday",24635,0,0,31.4333333333333,58.5,1.525,1663.70833333333,22.0583333333333,0.7675
"237",2018-07-25,"Summer","No Holiday",25918,0,0,30.2916666666667,65.1666666666667,2.45416666666667,1490.625,22.825,0.598333333333333
"238",2018-07-26,"Summer","No Holiday",24915,0,0,29.9958333333333,68.9166666666667,1.4375,1090.66666666667,23.4625,0.50875
"239",2018-07-27,"Summer","No Holiday",23275,0,0,30.7625,69.4583333333333,1.7125,954.083333333333,24.2,0.80375
"240",2018-07-28,"Summer","No Holiday",16880,7.5,0,29.8208333333333,76.2916666666667,1.24166666666667,1015.91666666667,25.0375,0.399583333333333
"241",2018-07-29,"Summer","No Holiday",18190,0,0,31.225,53.6666666666667,1.24583333333333,1934.375,20.0166666666667,0.930416666666667
"242",2018-07-30,"Summer","No Holiday",23695,0,0,31.5625,50.3333333333333,1.22916666666667,1998.33333333333,19.7208333333333,0.82
"243",2018-07-31,"Summer","No Holiday",22897,0,0,32.525,49.625,1.38333333333333,1993.79166666667,20.2166666666667,1.02083333333333
"244",2018-08-01,"Summer","No Holiday",20712,0,0,33.4291666666667,55.7916666666667,1.68333333333333,1853.45833333333,22.8291666666667,1.07041666666667
"245",2018-08-02,"Summer","No Holiday",20693,0,0,33.7416666666667,53.4166666666667,1.5375,1699.375,22.625,0.774166666666667
"246",2018-08-03,"Summer","No Holiday",20794,0,0,33.2125,56.125,1.79166666666667,1509.83333333333,22.925,0.87875
"247",2018-08-04,"Summer","No Holiday",18363,0,0,31.1958333333333,59.0416666666667,2.45416666666667,1803.45833333333,22.05,0.852083333333333
"248",2018-08-05,"Summer","No Holiday",17415,2,0,29.8333333333333,73.2083333333333,2.65416666666667,1408.54166666667,24.2208333333333,0.859166666666667
"249",2018-08-06,"Summer","No Holiday",19171,6.5,0,30.725,71.7083333333333,1.60416666666667,1292.25,24.7458333333333,0.744166666666667
"250",2018-08-07,"Summer","No Holiday",23806,0,0,30.5166666666667,62.4583333333333,1.425,1881.70833333333,22.2541666666667,0.650833333333333
"251",2018-08-08,"Summer","No Holiday",23880,0,0,30.9208333333333,65.7916666666667,1.93333333333333,1560.20833333333,23.1708333333333,0.857916666666667
"252",2018-08-09,"Summer","No Holiday",21644,2,0,28.9666666666667,76.1666666666667,1.6625,1559.70833333333,24.2166666666667,0.462916666666667
"253",2018-08-10,"Summer","No Holiday",23833,0,0,30.5791666666667,61.6666666666667,1.3125,1766.16666666667,21.6875,0.910416666666667
"254",2018-08-11,"Summer","No Holiday",20009,0,0,31.0833333333333,55.0833333333333,1.60833333333333,1986.875,20.575,0.890416666666667
"255",2018-08-12,"Summer","No Holiday",17498,5,0,30.6916666666667,59.625,1.50416666666667,1846.70833333333,21.5208333333333,0.759583333333333
"256",2018-08-13,"Summer","No Holiday",22827,1,0,30.2708333333333,69.375,1.425,1361.91666666667,23.6375,0.512083333333333
"257",2018-08-14,"Summer","No Holiday",23836,0,0,31.5,58.7083333333333,1.39166666666667,1952.95833333333,22.0208333333333,0.765416666666667
"258",2018-08-15,"Summer","Holiday",18565,1,0,31.55,59.75,1.11666666666667,1909.29166666667,22.2291666666667,0.767083333333333
"259",2018-08-16,"Summer","No Holiday",25329,0,0,30.1541666666667,53.1666666666667,1.62916666666667,1996.125,19.0375,1.03666666666667
"260",2018-08-17,"Summer","No Holiday",28820,0,0,27.0833333333333,39.8333333333333,1.80416666666667,1986.20833333333,11.6666666666667,1.09291666666667
"261",2018-08-18,"Summer","No Holiday",26398,0,0,26.5458333333333,44.5416666666667,1.40416666666667,1982.45833333333,13.0333333333333,0.969583333333333
"262",2018-08-19,"Summer","No Holiday",24547,0,0,27.8625,50.5833333333333,1.225,1982.04166666667,16.0875,0.824583333333333
"263",2018-08-20,"Summer","No Holiday",26827,0,0,28.9541666666667,55.7916666666667,1.975,1781.66666666667,18.9666666666667,0.627916666666667
"264",2018-08-21,"Summer","No Holiday",25133,5,0,26.775,70.1666666666667,2.75833333333333,1746.375,20.5833333333333,0.535833333333333
"265",2018-08-22,"Summer","No Holiday",26072,0,0,30.2166666666667,56.75,1.14583333333333,1962.79166666667,19.8083333333333,0.927916666666667
"266",2018-08-23,"Summer","No Holiday",15958,2.5,0,29.6,58.25,1.6625,1980.08333333333,20.3083333333333,0.3875
"267",2018-08-24,"Summer","No Holiday",11658,8,0,24.6333333333333,84.5833333333333,2.42916666666667,1768.16666666667,21.7625,0.237083333333333
"268",2018-08-25,"Summer","No Holiday",27302,0,0,25.2166666666667,68.7916666666667,2.55416666666667,1799.625,18.8083333333333,0.675416666666667
"269",2018-08-26,"Summer","No Holiday",19310,2,0,23.3083333333333,70.1666666666667,1.3,1769.875,17.1708333333333,0.564166666666667
"270",2018-08-27,"Summer","No Holiday",14435,19.5,0,22.425,91,0.8625,1201.625,20.7958333333333,0.326666666666667
"271",2018-08-28,"Summer","No Holiday",9092,95.5,0,23.8166666666667,91.875,0.9875,1394.58333333333,22.3083333333333,0.184166666666667
"272",2018-08-29,"Summer","No Holiday",9184,43,0,25.0125,86.5833333333333,2.43333333333333,1642.41666666667,22.4541666666667,0.114583333333333
"273",2018-08-30,"Summer","No Holiday",20959,9.5,0,25.45,81.7083333333333,1.8375,1124.83333333333,21.8708333333333,0.364166666666667
"274",2018-08-31,"Summer","No Holiday",27817,0.1,0,25.5583333333333,67.1666666666667,1.6,1609,18.4916666666667,0.92375
"275",2018-09-01,"Autumn","No Holiday",26010,0,0,25.4541666666667,61.2083333333333,1.20833333333333,1839.08333333333,16.725,0.875416666666667
"276",2018-09-02,"Autumn","No Holiday",26881,0,0,24.9875,54.5416666666667,1.50416666666667,1994.04166666667,14.9208333333333,0.8475
"277",2018-09-03,"Autumn","No Holiday",10802,34.5,0,23.6041666666667,82.25,1.0625,1504.41666666667,20.175,0.14
"278",2018-09-04,"Autumn","No Holiday",29529,0,0,23.2541666666667,71.625,2.16666666666667,1455.125,17.1416666666667,0.901666666666667
"279",2018-09-05,"Autumn","No Holiday",31114,0,0,23.8375,61.7916666666667,2.50416666666667,1954.16666666667,15.4416666666667,0.935833333333333
"280",2018-09-06,"Autumn","No Holiday",27838,0,0,24.25,70.7916666666667,1.89583333333333,1635.25,18.2625,0.459583333333333
"281",2018-09-07,"Autumn","No Holiday",30381,1.5,0,22.1583333333333,56.875,2.47916666666667,1848.70833333333,12.6458333333333,0.815833333333333
"282",2018-09-08,"Autumn","No Holiday",29813,0,0,21.6916666666667,48.6666666666667,1.66666666666667,1982.125,9.80416666666667,0.947916666666667
"283",2018-09-09,"Autumn","No Holiday",28354,0,0,21.9583333333333,49.4583333333333,1.23333333333333,1997.16666666667,10.2625,0.891666666666667
"284",2018-09-10,"Autumn","No Holiday",30781,0,0,22.9458333333333,50.0833333333333,1.5625,1996.95833333333,11.6541666666667,0.826666666666667
"285",2018-09-11,"Autumn","No Holiday",31694,0,0,21.5666666666667,47.9583333333333,1.475,1998.54166666667,9.87916666666667,0.74375
"286",2018-09-12,"Autumn","No Holiday",31809,0,0,22.5291666666667,51.9166666666667,1.32083333333333,1988.79166666667,11.9083333333333,0.849583333333333
"287",2018-09-13,"Autumn","No Holiday",30991,0,0,23.4416666666667,62.2916666666667,1.225,1986.20833333333,15.625,0.53875
"288",2018-09-14,"Autumn","No Holiday",28199,0.5,0,23.4625,67.2083333333333,1.30416666666667,1954.45833333333,16.8166666666667,0.408333333333333
"289",2018-09-15,"Autumn","No Holiday",25079,0.2,0,23.2125,75.875,0.991666666666667,1951.33333333333,18.575,0.31
"290",2018-09-16,"Autumn","No Holiday",14178,2,0,22.3416666666667,82.9166666666667,1.74583333333333,731.208333333333,19.1458333333333,0.268333333333333
"291",2018-09-17,"Autumn","No Holiday",30290,0.1,0,22.3291666666667,64.6666666666667,2.01666666666667,1598.29166666667,14.7125,0.850833333333333
"292",2018-09-18,"Autumn","No Holiday",0,0,0,21.85,59.6666666666667,1.32916666666667,1819.125,13.0583333333333,0.660416666666667
"293",2018-09-19,"Autumn","No Holiday",0,0.2,0,22.2041666666667,59.75,0.95,1729.20833333333,13.5916666666667,0.444166666666667
"294",2018-09-20,"Autumn","No Holiday",14282,5,0,19.05,80.2083333333333,1.74166666666667,1387.875,15.375,0.17
"295",2018-09-21,"Autumn","No Holiday",18266,18,0,19.3666666666667,85.5416666666667,1.33333333333333,1691.875,16.75,0.262916666666667
"296",2018-09-22,"Autumn","No Holiday",26398,6.5,0,21.0083333333333,63.4166666666667,1.73333333333333,1551.33333333333,12.6208333333333,0.794166666666667
"297",2018-09-23,"Autumn","Holiday",20060,0,0,19.4125,54.8333333333333,1.59583333333333,1988.25,9.48333333333333,0.615416666666667
"298",2018-09-24,"Autumn","Holiday",17259,0,0,17.8208333333333,47.4583333333333,2.15416666666667,1997.66666666667,5.85416666666667,0.873333333333333
"299",2018-09-25,"Autumn","Holiday",23350,0,0,17.4916666666667,48.75,1.1,1998.20833333333,5.74583333333333,0.84125
"300",2018-09-26,"Autumn","No Holiday",28018,0,0,19.425,47.625,1.7375,1999.20833333333,7.63333333333333,0.710833333333333
"301",2018-09-27,"Autumn","No Holiday",30789,0,0,18.7916666666667,47.125,1.2375,1999.45833333333,6.9,0.760833333333333
"302",2018-09-28,"Autumn","No Holiday",0,0,0,17.525,57.2916666666667,1.29583333333333,1999.33333333333,8.83333333333333,0.365
"303",2018-09-29,"Autumn","No Holiday",31447,0,0,20.075,55.4166666666667,1.025,1998.25,10.1041666666667,0.807083333333333
"304",2018-09-30,"Autumn","No Holiday",0,0,0,17.9166666666667,53.7916666666667,2.025,1928.25,7.6,0.70625
"305",2018-10-01,"Autumn","No Holiday",27909,0,0,15.4375,54.25,2.825,1985.54166666667,5.98333333333333,0.629166666666667
"306",2018-10-02,"Autumn","No Holiday",0,0,0,15.7833333333333,60.7916666666667,1.62916666666667,1843.70833333333,7.54166666666667,0.785
"307",2018-10-03,"Autumn","Holiday",30349,0,0,17.2416666666667,59.125,1.2,1853.54166666667,8.3625,0.770416666666667
"308",2018-10-04,"Autumn","No Holiday",0,0,0,18.8958333333333,56.8333333333333,1.2875,1956.125,9.59166666666667,0.661666666666667
"309",2018-10-05,"Autumn","No Holiday",4522,35.5,0,17.0958333333333,81.3333333333333,1.77083333333333,1318.33333333333,13.5083333333333,0.114166666666667
"310",2018-10-06,"Autumn","No Holiday",16037,56.5,0,18.0208333333333,84.1666666666667,2.19166666666667,1532.20833333333,15.0875,0.285833333333333
"311",2018-10-07,"Autumn","No Holiday",27614,0,0,16.7625,58.125,1.70833333333333,1836.125,7.33333333333333,0.652083333333333
"312",2018-10-08,"Autumn","No Holiday",29362,0,0,14.7208333333333,46.4583333333333,1.1125,1984.33333333333,2.5375,0.636666666666667
"313",2018-10-09,"Autumn","Holiday",0,0,0,15,52.625,1.1375,1992.58333333333,5.00833333333333,0.370416666666667
"314",2018-10-10,"Autumn","No Holiday",24410,7,0,12.8125,61.2916666666667,2.39166666666667,1701.91666666667,4.95833333333333,0.429166666666667
"315",2018-10-11,"Autumn","No Holiday",24526,0,0,9.68333333333333,50.25,2.20416666666667,1991.70833333333,-0.679166666666667,0.6425
"316",2018-10-12,"Autumn","No Holiday",26237,0,0,10.8125,53.25,1.24166666666667,1962.66666666667,1.09166666666667,0.73625
"317",2018-10-13,"Autumn","No Holiday",25542,0,0,12.3958333333333,55.6666666666667,1.04583333333333,1375.25,2.76666666666667,0.699166666666667
"318",2018-10-14,"Autumn","No Holiday",24349,0,0,12.9958333333333,58,1.375,1315.375,4.09583333333333,0.67
"319",2018-10-15,"Autumn","No Holiday",26198,0,0,15.0916666666667,70.4166666666667,1.32083333333333,764.416666666667,9.3375,0.469166666666667
"320",2018-10-16,"Autumn","No Holiday",26956,0,0,14.475,55.625,1.2,1407.625,4.9375,0.547916666666667
"321",2018-10-17,"Autumn","No Holiday",26502,0,0,12.7833333333333,53.0416666666667,1.22083333333333,1572.29166666667,2.1375,0.685
"322",2018-10-18,"Autumn","No Holiday",26504,0,0,12.5958333333333,59.6666666666667,1.125,1995.91666666667,4.43333333333333,0.557083333333333
"323",2018-10-19,"Autumn","No Holiday",27437,0,0,13.0958333333333,54.4166666666667,1.4875,1995.91666666667,3.21666666666667,0.67625
"324",2018-10-20,"Autumn","No Holiday",25355,0,0,13.4083333333333,53.625,1.075,1657.66666666667,2.80416666666667,0.665416666666667
"325",2018-10-21,"Autumn","No Holiday",23906,0,0,13.3666666666667,50.0833333333333,1.10833333333333,1591.75,1.9875,0.657083333333333
"326",2018-10-22,"Autumn","No Holiday",26075,0,0,13.9875,49.5416666666667,0.941666666666667,1184.45833333333,3.02916666666667,0.505416666666667
"327",2018-10-23,"Autumn","No Holiday",21601,5,0,12.4958333333333,71.625,1.25833333333333,855.833333333333,7.39166666666667,0.32
"328",2018-10-24,"Autumn","No Holiday",26418,0,0,12.575,67.0416666666667,1.27083333333333,1421.83333333333,5.975,0.568333333333333
"329",2018-10-25,"Autumn","No Holiday",27258,0,0,13.575,57.7916666666667,0.933333333333333,1613.20833333333,4.38333333333333,0.565
"330",2018-10-26,"Autumn","No Holiday",13377,11,0,12.5166666666667,72.6666666666667,1.66666666666667,1383.45833333333,7.5,0.125
"331",2018-10-27,"Autumn","No Holiday",18398,0,0,8.90833333333333,50.0416666666667,3.37083333333333,1985.95833333333,-1.28333333333333,0.483333333333333
"332",2018-10-28,"Autumn","No Holiday",11589,5.5,0,8.4125,75.1666666666667,1.42916666666667,1895.20833333333,4.08333333333333,0.2775
"333",2018-10-29,"Autumn","No Holiday",19877,0,0,7.39583333333333,59.25,2.11666666666667,1989.08333333333,-0.404166666666667,0.41
"334",2018-10-30,"Autumn","No Holiday",20822,0,0,5.89166666666667,49.8333333333333,1.53333333333333,1980.41666666667,-4.1625,0.60625
"335",2018-10-31,"Autumn","No Holiday",21545,0,0,7.52916666666667,55,1.66666666666667,1960.91666666667,-1.40833333333333,0.604583333333333
"336",2018-11-01,"Autumn","No Holiday",22964,0,0,8.34583333333333,54.1666666666667,1.27083333333333,1790.16666666667,-1.02083333333333,0.58125
"337",2018-11-02,"Autumn","No Holiday",24077,0,0,10.5041666666667,54.125,1.12916666666667,1463.45833333333,0.875,0.563333333333333
"338",2018-11-03,"Autumn","No Holiday",0,0,0,11.2583333333333,56.4583333333333,1.2375,1070.16666666667,1.9375,0.56625
"339",2018-11-04,"Autumn","No Holiday",20471,0,0,11.6666666666667,54.75,1.38333333333333,1240.20833333333,1.86666666666667,0.55875
"340",2018-11-05,"Autumn","No Holiday",23472,0,0,11.8625,66.875,1.0625,738,5.32083333333333,0.462083333333333
"341",2018-11-06,"Autumn","No Holiday",0,0,0,12.1375,69.7916666666667,0.908333333333333,409.666666666667,6.525,0.327083333333333
"342",2018-11-07,"Autumn","No Holiday",16525,2,0,12.7791666666667,80.1666666666667,1.125,598.75,9.3125,0.16875
"343",2018-11-08,"Autumn","No Holiday",1721,46,0,11.7125,91.5416666666667,1.88333333333333,866.083333333333,10.2833333333333,0.0545833333333333
"344",2018-11-09,"Autumn","No Holiday",0,19,0,12.0291666666667,70.75,3.05416666666667,1126.25,6.56666666666667,0.40625
"345",2018-11-10,"Autumn","No Holiday",18473,0,0,12.1083333333333,69.2083333333333,1.30416666666667,453.75,6.04166666666667,0.464166666666667
"346",2018-11-11,"Autumn","No Holiday",13138,0,0,8.39583333333333,69.7083333333333,1.025,750.083333333333,2.91666666666667,0.155
"347",2018-11-12,"Autumn","No Holiday",21003,0,0,8.03333333333333,53.375,1.19583333333333,1770.375,-1.30833333333333,0.505
"348",2018-11-13,"Autumn","No Holiday",21992,0,0,8.7625,52.9583333333333,0.979166666666667,1523.20833333333,-0.708333333333333,0.4875
"349",2018-11-14,"Autumn","No Holiday",22707,0,0,9.69583333333333,55.625,1.12083333333333,1443.83333333333,0.729166666666667,0.48375
"350",2018-11-15,"Autumn","No Holiday",21502,0,0,9.57916666666667,55.7083333333333,1.02083333333333,951.291666666667,0.516666666666667,0.397916666666667
"351",2018-11-16,"Autumn","No Holiday",20660,0,0,9.00833333333333,63.3333333333333,1.675,707.166666666667,2.2,0.345
"352",2018-11-17,"Autumn","No Holiday",15689,0,0,4.98333333333333,53.3333333333333,1.4625,1556.83333333333,-4.45833333333333,0.382083333333333
"353",2018-11-18,"Autumn","No Holiday",14319,0,0,5.875,47.0833333333333,1.14583333333333,1720.95833333333,-4.6875,0.312083333333333
"354",2018-11-19,"Autumn","No Holiday",18956,0,0,6.70416666666667,53.2916666666667,1.375,1087.04166666667,-2.45416666666667,0.32625
"355",2018-11-20,"Autumn","No Holiday",19127,0,0,6.23333333333333,36.4583333333333,1.8625,1862.20833333333,-8.29583333333333,0.459583333333333
"356",2018-11-21,"Autumn","No Holiday",15732,1.2,0,6.24583333333333,60.75,1.075,1436.45833333333,-1.45833333333333,0.122916666666667
"357",2018-11-22,"Autumn","No Holiday",16496,0,0,2.64583333333333,35.375,2.325,1961.125,-11.4625,0.450833333333333
"358",2018-11-23,"Autumn","No Holiday",16314,0,0,1.68333333333333,30.5833333333333,1.49166666666667,1989.375,-14.5208333333333,0.448333333333333
"359",2018-11-24,"Autumn","No Holiday",6477,10.9,78.7,2.4,69.9166666666667,1.75416666666667,1152.91666666667,-3.86666666666667,0.140833333333333
"360",2018-11-25,"Autumn","No Holiday",11212,0,41.4,4.8625,76.9583333333333,0.966666666666667,461.791666666667,0.825,0.329166666666667
"361",2018-11-26,"Autumn","No Holiday",17162,0,2.9,6.32083333333333,70.5,1.02916666666667,475,0.845833333333333,0.41875
"362",2018-11-27,"Autumn","No Holiday",16282,0,0,7.06666666666667,68,1.35,405.291666666667,1,0.1925
"363",2018-11-28,"Autumn","No Holiday",16524,0,0,5.30416666666667,25.7916666666667,1.69583333333333,1429.08333333333,-13.35,0.403333333333333
"364",2018-11-29,"Autumn","No Holiday",16423,0,0,3.30416666666667,38,1.2125,1596.70833333333,-9.80833333333333,0.117083333333333
"365",2018-11-30,"Autumn","No Holiday",16297,0,0,2.7625,47.2083333333333,1.43333333333333,1581.91666666667,-8.37083333333333,0.425833333333333
